month,aggregate_kwh,days,AC_true_kwh,AC_pred_kwh,WaterHeater_true_kwh,WaterHeater_pred_kwh,Fridge_true_kwh,Fridge_pred_kwh,WashingMachine_true_kwh,WashingMachine_pred_kwh
2022-07-01,117.966,15.4889,65.2251,62.8996,3.34682,2.68029,26.2394,4.88189,0.979007,0.69996
2022-08-01,112.241,28.5111,28.4223,22.9569,6.6163,4.83089,51.7255,3.34364,1.65882,0.76571
2022-09-01,232.349,29.2889,108.188,52.6313,45.8571,43.7861,33.7042,19.1668,2.12807,1.76445
2022-10-01,158.238,30.2889,0.411396,3.1131,80.1092,79.1825,16.0578,15.1517,4.90296,2.76329
2022-11-01,133.638,29.3778,17.8835,4.46051,58.9822,58.5167,14.7507,12.499,1.66531,2.06663
2022-12-01,97.9645,30.2889,24.9467,7.38608,31.9827,30.2369,14.2003,11.5415,1.37554,0
2023-01-01,311.182,29.8444,166.336,59.411,84.9918,77.9605,15.1608,11.3172,7.06878,6.52172
2023-02-01,266.29,27.2889,116.449,47.2148,76.6165,70.197,32.1978,6.11096,1.31443,1.72863
2023-03-01,228.265,30.7333,72.6253,17.5982,83.9762,82.7057,19.8347,13.6143,4.97684,3.25946
2023-04-01,75.1684,29.2,8.52763,0.468626,15.6385,15.3235,21.1235,15.1503,1.43845,1.66771
2023-05-01,107.436,29.5778,0.362171,3.58809,39.9164,37.3002,25.3284,18.2358,2.24596,3.4332
2023-06-01,168.605,29.4667,62.1782,43.1422,27.405,27.1425,35.2443,24.8708,2.66207,3.35964
2023-07-01,539.93,27.9778,429.314,360.148,19.5006,18.2788,36.1924,28.519,2.53453,2.93471
2023-08-01,357.124,30.5556,248.897,151.567,21.7149,19.4104,43.0917,35.3546,0.981933,0.681453
2023-09-01,228.802,29.0444,95.8087,32.8346,41.7854,37.8836,32.2238,25.8764,2.76795,1.81951
