day,aggregate_kwh,AC_true_kwh,AC_pred_kwh,WaterHeater_true_kwh,WaterHeater_pred_kwh,Fridge_true_kwh,Fridge_pred_kwh,WashingMachine_true_kwh,WashingMachine_pred_kwh,Fridge_on_share
2022-07-16,2.43452,0,0,0,0,1.73824,0,0,0,1
2022-07-17,9.08529,0,3.37499,1.96743,1.4344,1.75852,0.513258,0.435396,0.192744,1
2022-07-18,7.15338,0.00477962,3.23182,0,0,1.68887,0.716925,0,0,1
2022-07-20,2.42131,0.0160282,0,0,0,1.72141,0.077118,0,0,1
2022-07-21,2.41757,0.0172238,0,0,0,1.72323,0,0,0,1
2022-07-22,2.43284,0.0166236,0,0,0,1.74145,0,0,0,1
2022-07-25,3.83241,1.36938,1.02587,0,0,1.80394,0.0961083,0,0,1
2022-07-26,18.4001,15.966,15.6646,0,0,1.7086,0.540602,0,0,1
2022-07-28,28.849,24.1931,22.0741,1.37939,1.24589,1.63604,1.0158,0,0.213549,1
2022-07-29,8.23479,5.79988,4.89731,0,0,1.6809,0.486116,0,0,1
2022-07-30,2.44741,0.0217023,0,0,0,1.77447,0,0,0,1
2022-07-31,2.48475,0.0208601,0,0,0,1.81603,0,0,0,1
2022-08-01,2.50881,0.0245634,0,0,0,1.83328,0,0,0,1
2022-08-02,3.89535,1.51169,1.58344,0,0,1.66386,0.110543,0,0,1
2022-08-03,2.49785,0.0214306,0,0,0,1.82847,0,0,0,1
2022-08-04,2.49755,0.0289861,0,0,0,1.82971,0,0,0,1
2022-08-05,2.48577,0.0247686,0,0,0,1.82395,0,0,0,1
2022-08-06,2.48313,0.0243057,0,0,0,1.82385,0,0,0,1
2022-08-07,2.48417,0.0236328,0,0,0,1.82519,0,0,0,1
2022-08-08,2.48832,0.0260551,0,0,0,1.82656,0,0,0,1
2022-08-09,2.49187,0.02725,0,0,0,1.82519,0,0,0,1
2022-08-10,2.50168,0.0322755,0,0,0,1.82147,0,0,0,1
2022-08-11,2.50425,0.029462,0,0,0,1.81819,0,0,0,1
2022-08-12,2.49818,0.0297232,0,0,0,1.81505,0,0,0,1
2022-08-13,2.49394,0.0291555,0,0,0,1.81707,0,0,0,1
2022-08-14,2.48541,0.0300525,0,0,0,1.81713,0,0,0,1
2022-08-15,2.47114,0.0232268,0,0,0,1.80966,0,0,0,1
2022-08-16,2.47665,0.0265506,0,0,0,1.81077,0,0,0,1
2022-08-17,2.487,0.0289804,0,0,0,1.8201,0,0,0,1
2022-08-18,2.49403,0.0285749,0,0,0,1.8283,0,0,0,1
2022-08-19,2.50624,0.0266109,0,0,0,1.8385,0,0,0,1
2022-08-20,2.5278,0.03323,0,0,0,1.85258,0,0,0,1
2022-08-21,2.52474,0.0296205,0,0,0,1.85753,0,0,0,1
2022-08-22,2.52709,0.0270362,0,0,0,1.85807,0,0,0,1
2022-08-23,2.51936,0.0270065,0,0,0,1.8455,0,0,0,1
2022-08-24,2.49297,0.0226035,0,0,0,1.81715,0,0,0,1
2022-08-25,8.70846,2.32522,1.92185,2.8164,2.78546,1.80919,0.300181,0.869277,0.707101,1
2022-08-26,11.6304,6.14366,3.36849,1.69424,1.35226,1.76136,0.939023,0,0,1
2022-08-27,7.95551,5.21304,3.44989,0,0,1.56987,0.555775,0,0,1
2022-08-28,13.8992,11.3339,8.56312,0,0,1.70882,0.791385,0,0.0436813,1
2022-09-01,8.84448,6.14898,3.43565,0,0,1.73481,0.310075,0,0,1
2022-09-02,23.3302,17.1816,6.99364,2.09581,2.50764,1.54459,1.07847,0.0477167,0.131893,1
2022-09-03,18.1557,15.5046,10.5864,0,0,1.62754,0.663359,0,0.0627078,1
2022-09-04,21.9468,17.0077,10.5326,2.52661,2.61232,1.63248,0.612404,0,0.0753255,1
2022-09-05,2.81069,0.0120202,0,0,0,1.67544,0.395595,0,0,1
2022-09-06,9.02315,2.46143,1.9495,2.58794,2.24853,1.52533,0.527649,0.948554,0.197372,1
2022-09-07,3.44279,0.0214534,0,0,0,1.67621,0.93727,0,0,1
2022-09-08,7.60029,0.0239941,0.666956,3.28693,3.31513,1.68555,0.93341,0,0,1
2022-09-09,12.3363,3.4786,1.93507,3.23021,2.90409,1.68976,0.762179,0,0.704152,1
2022-09-10,11.0391,3.73403,1.66495,4.13285,3.64757,1.54484,0.924437,0.0329093,0,1
2022-09-11,8.62507,6.10317,2.69982,0,0,1.68402,0.470446,0,0,1
2022-09-12,5.89378,3.23385,1.26794,0,0,1.56357,0.165922,0.0204501,0,1
2022-09-13,7.85349,0.74556,0.207421,3.30564,3.50269,1.4411,0.66513,0,0,0.926829
2022-09-14,5.93141,0.842239,0,1.94335,1.97828,0.651388,0.737309,0,0,0.303472
2022-09-15,9.2749,4.98587,0.303516,1.8685,1.93017,0.899656,0.740754,0,0.0939988,0.429167
2022-09-16,6.88428,2.5717,1.60989,2.47794,2.44705,0.876283,0.715336,0,0,0.416667
2022-09-17,16.014,11.2146,5.98447,2.08127,1.73082,0.878356,0.742374,0,0,0.423611
2022-09-18,7.91983,6.28399,0.677666,0,0,0.753612,0.566194,0,0,0.39253
2022-09-19,6.15015,2.36898,0.157019,2.27203,2.13523,0.839903,0.648557,0,0,0.4375
2022-09-20,3.62782,2.03424,0,0,0,0.871119,0.609003,0,0,0.415278
2022-09-21,2.64524,0.0275619,0,0.911332,0.908718,0.865632,0.639152,0,0,0.411111
2022-09-22,6.53895,0.0267714,0,2.99585,3.04721,0.827877,0.6685,1.03184,0.499,0.397222
2022-09-23,4.84786,0.0341933,0.178484,2.5706,2.41482,0.801993,0.610025,0,0,0.384028
2022-09-24,1.85189,0.0319744,0.0520945,0.283829,0.179698,0.775943,0.565106,0,0,0.372222
2022-09-25,1.42506,0.0351895,0,0,0,0.77009,0.563572,0,0,0.369444
2022-09-26,1.41735,0.0302279,0,0,0,0.759975,0.565647,0,0,0.365278
2022-09-27,1.418,0.0332143,0,0,0,0.756909,0.55798,0,0,0.365972
2022-09-28,9.30644,1.98006,1.32395,5.74052,4.81351,0.819757,0.591196,0,0,0.395139
2022-09-29,3.09521,0.0195156,0.0812752,1.54593,1.46265,0.530455,0.573702,0.0465982,0,0.282774
2022-09-30,3.09827,0.010784,0.322894,0,0,0,0.62601,0,0,0
2022-10-01,12.7704,0,1.03186,3.83955,3.99306,0,0.489061,0,0,0
2022-10-02,6.3157,0,0,3.60694,3.46344,0,0.777799,0,0,0
2022-10-03,2.00138,0,0,0,0,0,0.631146,0,0,0
2022-10-04,2.98016,0,0,1.67297,1.69635,0.339031,0.469992,0,0,0.173018
2022-10-05,4.87746,0,0.470639,2.91841,2.475,0.672417,0.541994,0,0,0.310417
2022-10-06,3.90373,0,0,2.31571,2.30382,0.604309,0.497905,0.0759511,0,0.311738
2022-10-07,5.48492,0,0,3.88451,3.94687,0.614965,0.47442,0,0,0.289583
2022-10-08,5.65503,0,0.0980673,3.7294,3.61036,0.641262,0.466477,0,0,0.301389
2022-10-09,5.61256,0,0,1.70161,2.13033,0.635409,0.497619,1.01994,0.032945,0.297917
2022-10-10,4.03817,0,0,1.68491,1.60321,0.632977,0.503812,0,0,0.296528
2022-10-11,6.02995,0,0.664876,4.34913,3.69227,0.630634,0.484075,0,0,0.294444
2022-10-12,1.76598,0,0,0,0,0.578138,0.460066,0,0,0.295732
2022-10-13,2.36271,0,0,0.680838,0.63419,0.625359,0.484524,0,0,0.292361
2022-10-14,1.28807,0,0,0,0,0.624531,0.485648,0,0,0.295139
2022-10-15,3.79372,0,0,2.40021,2.47155,0.579642,0.452703,0,0,0.274306
2022-10-16,4.62051,0,0,1.44945,1.46749,0.569003,0.490703,0,0,0.272917
2022-10-17,6.07526,0,0,3.45489,3.92819,0.51561,0.409626,0.499744,0.184189,0.269055
2022-10-18,6.26339,0.0127691,0,3.53528,3.58551,0.322721,0.511152,0,0,0.152083
2022-10-19,1.66591,0.0348974,0,0,0,0.229126,0.435742,0,0,0.107639
2022-10-20,5.64252,0.025171,0.012822,3.5084,3.43831,0.508271,0.397553,0,0.02269,0.264482
2022-10-21,3.70713,0.0306949,0,1.85593,1.87432,0.564626,0.432036,0,0,0.269444
2022-10-22,7.97022,0.0371158,0,6.03281,6.04703,0.564487,0.440905,0,0,0.265972
2022-10-24,5.03814,0.0332115,0,3.66581,3.64105,0.586194,0.45294,0,0,0.275694
2022-10-25,1.30118,0.0341095,0,0,0,0.57605,0.45953,0,0,0.273611
2022-10-26,7.80771,0.0312702,0,5.59097,5.43112,0.633461,0.506289,0,0.0371788,0.302778
2022-10-27,9.82565,0.0268081,0.158111,3.57049,3.45184,0.742072,0.550674,1.40699,0.964719,0.349306
2022-10-28,8.1205,0.0237893,0.101481,3.32226,3.38934,0.669273,0.489947,1.23237,1.04508,0.352896
2022-10-29,5.54306,0.0282507,0,1.39144,1.39805,0.69492,0.532976,0.667963,0.476486,0.329167
2022-10-30,7.97986,0.0316837,0.539381,6.12158,5.71719,0.631105,0.470848,0,0,0.297917
2022-10-31,4.56228,0.0267748,0,2.06523,2.11916,0.602225,0.491821,0,0,0.288194
2022-11-01,2.49734,0.0300824,0,1.1492,1.15796,0.53582,0.420468,0,0,0.278963
2022-11-02,4.48791,0.0309283,0,1.99121,1.81319,0.573452,0.461578,0,0,0.273611
2022-11-03,4.78192,0.0279435,0.546378,3.32945,2.77552,0.569477,0.435299,0,0,0.272222
2022-11-04,4.60668,0.0310044,0,2.58395,2.51356,0.599999,0.470934,0,0,0.282639
2022-11-05,1.55199,0.0283477,0,0,0,0.606934,0.495485,0,0,0.285417
2022-11-07,4.17382,0,0,0,2.60521,0.0229147,0.440665,0,0,0.0114329
2022-11-08,3.61049,0.0188238,0,2.32724,2.29292,0.32317,0.404509,0,0,0.169207
2022-11-09,6.27614,0.0269162,0,2.60201,1.70354,0.577962,0.441966,0,0.863197,0.279167
2022-11-10,3.77937,0.0263499,0,1.57475,1.56573,0.563401,0.456804,0,0,0.272917
2022-11-11,4.8408,0.0245633,0,3.53826,3.5072,0.552211,0.429982,0,0,0.263889
2022-11-12,3.74317,0.0277721,0,2.10362,2.06117,0.531654,0.417618,0,0,0.253472
2022-11-13,5.48954,0.0251326,0,3.85039,3.56419,0.47198,0.363778,0.00325617,0.160667,0.249238
2022-11-14,2.81796,0.0252996,0,1.43357,1.35612,0.512161,0.386343,0,0,0.247222
2022-11-15,7.05643,0.0256171,0.685596,5.72017,5.05849,0.518078,0.394808,0,0,0.25
2022-11-16,1.67274,0.0251652,0,0,0,0.515907,0.402524,0,0,0.251389
2022-11-17,5.89911,0.020965,0,3.3987,3.35513,0.505726,0.404356,0.655858,0.0438983,0.245833
2022-11-18,4.50484,0.027285,0.325468,3.16084,2.83323,0.51954,0.414575,0,0,0.252083
2022-11-19,6.1079,0.0356202,0.761302,3.8123,3.40492,0.547111,0.432749,0.69618,0,0.263194
2022-11-20,1.69934,0.0316238,0,0,0,0.568771,0.454021,0,0,0.272917
2022-11-21,1.15663,0.0245262,0,0,0,0.546477,0.442339,0,0,0.265278
2022-11-22,1.15495,0.022712,0,0,0,0.541675,0.443238,0,0,0.261806
2022-11-23,1.14415,0.0232576,0,0,0,0.529726,0.436143,0,0,0.256944
2022-11-24,3.83141,0.0247228,0,2.16572,2.16649,0.530598,0.438092,0,0,0.254861
2022-11-25,3.07008,0.0250599,0,1.72622,1.71556,0.516859,0.402038,0,0,0.251389
2022-11-26,5.12523,0.0259081,0.423466,3.1837,2.9469,0.489666,0.391167,0.310016,0,0.2375
2022-11-27,7.41352,2.71439,0.43571,2.8151,2.83727,0.479272,0.376809,0,0,0.232639
2022-11-28,10.436,6.6967,1.24061,2.0941,2.04653,0.464533,0.351432,0,0,0.227083
2022-11-29,4.95008,0.00884892,0.04198,3.52803,3.41365,0.471639,0.374039,0,0,0.233333
2022-11-30,11.2967,7.82255,0,0.893713,0.874817,0.480033,0.405128,0,0,0.235417
2022-12-01,1.08638,0.0163744,0,0,0,0.436429,0.356496,0.0416015,0,0.23628
2022-12-02,4.96093,0.0209534,0,3.61074,3.55291,0.463017,0.343358,0,0,0.227778
2022-12-03,4.63955,0.0863942,0.29296,3.30168,3.04406,0.480475,0.355451,0,0,0.238889
2022-12-04,2.99426,1.86339,0.387678,0,0,0.455489,0.349479,0,0,0.225
2022-12-05,4.37209,3.26884,1.17581,0,0,0.419359,0.351782,0,0,0.226372
2022-12-06,11.3265,9.48468,2.87026,0,0,0.5073,0.414735,0,0,0.247222
2022-12-08,2.09257,0.0241802,0,0.671742,0.611038,0.485997,0.386147,0,0,0.2375
2022-12-09,4.99066,2.6798,0.585153,1.00249,0.877078,0.493958,0.353887,0,0,0.241667
2022-12-10,2.47026,0.0218371,0,1.11618,1.15261,0.460705,0.37153,0,0,0.244665
2022-12-11,6.8867,0.022168,0.56667,5.33194,4.79751,0.515807,0.378248,0,0,0.247222
2022-12-12,1.54549,0.0209069,0,0,0,0.503424,0.410884,0,0,0.246528
2022-12-13,5.99085,0.0241979,0,4.38809,4.33105,0.505062,0.382442,0,0,0.245833
2022-12-14,5.40104,3.56845,0.90653,0,0,0.455285,0.389124,0,0,0.244665
2022-12-15,9.16745,2.54013,0.0830383,3.25283,3.22185,0.514247,0.409019,1.26461,0,0.250694
2022-12-16,3.08325,0.0120196,0,1.89926,1.75876,0.514161,0.404528,0,0,0.248611
2022-12-17,1.38304,0.0137129,0,0,0,0.511886,0.407589,0,0,0.246528
2022-12-18,4.307,0.0150405,0.126354,2.95878,2.83161,0.51059,0.389171,0,0,0.247222
2022-12-20,3.5914,0.0191441,0,2.441,2.42323,0.445552,0.349241,0,0,0.228198
2022-12-21,1.11838,0.0159838,0,0,0,0.452353,0.392532,0,0,0.224306
2022-12-22,1.09773,0.0220988,0,0,0,0.421792,0.372909,0,0,0.211111
2022-12-23,1.11907,0.0294939,0,0,0,0.434292,0.373917,0,0,0.214583
2022-12-24,1.08562,0.0293945,0,0,0,0.412518,0.360145,0,0,0.203472
2022-12-25,1.10993,0.0365103,0,0,0,0.429861,0.371513,0,0,0.214583
2022-12-26,1.08507,0.0303791,0,0,0,0.400141,0.345514,0,0,0.201389
2022-12-27,1.10741,0.0341027,0,0,0,0.414105,0.358936,0,0,0.205556
2022-12-28,1.09812,0.0260073,0,0,0,0.407788,0.356946,0,0,0.203472
2022-12-29,1.1225,0.0336947,0,0,0,0.42626,0.375732,0,0,0.215278
2022-12-30,1.12182,0.0309384,0,0,0,0.433437,0.378806,0,0,0.215278
2022-12-31,1.12051,0.0297142,0,0,0,0.43735,0.377682,0,0,0.216667
2023-01-01,1.12029,0.0337571,0,0,0,0.437348,0.370164,0,0,0.218056
2023-01-02,1.21833,0.0317107,0,0,0,0.426758,0.371075,0,0,0.2125
2023-01-03,14.3031,8.97705,3.58902,4.19043,3.14727,0.440559,0.367818,0,0,0.216667
2023-01-04,8.67799,6.62196,2.93441,0.713171,0.629292,0.443487,0.343102,0.0214275,0.114552,0.240091
2023-01-05,6.55232,0.0135163,0,4.29659,4.19195,0.476748,0.366703,0,0,0.231944
2023-01-06,4.79998,0.015695,0,3.36761,3.34333,0.479495,0.367421,0,0,0.235417
2023-01-07,15.255,8.4278,5.04118,5.54148,5.4028,0.466558,0.337409,0,0,0.230556
2023-01-08,12.4602,7.20989,2.39489,3.13288,2.9465,0.501236,0.400406,0,0,0.24375
2023-01-09,4.28522,0.288023,0.0641902,2.53843,2.51454,0.487237,0.379173,0,0,0.238194
2023-01-10,2.12165,0.00396953,0.0718503,0.624226,0.520518,0.482469,0.394213,0,0,0.236806
2023-01-11,14.3024,8.5447,4.95381,4.2023,3.9189,0.453898,0.381584,0,0,0.222222
2023-01-12,11.1403,6.09842,2.47595,3.57253,3.44905,0.495076,0.364114,0,0,0.241667
2023-01-13,17.7437,12.2747,3.73539,3.5868,3.9421,0.495676,0.403757,0,0,0.243056
2023-01-14,11.7187,5.7945,0.907831,3.6464,3.26939,0.496579,0.382181,0.949643,0.302945,0.239583
2023-01-16,14.5429,10.9739,5.69088,1.11525,1.00383,0.4794,0.375891,1.25472,0.722516,0.25
2023-01-17,2.80716,0.0242554,0,1.45838,1.46054,0.556546,0.43984,0,0,0.265972
2023-01-18,4.50905,0.0178464,0,2.77042,2.63574,0.49365,0.382065,0.0064655,0,0.260671
2023-01-19,14.8847,8.20397,3.46019,5.29584,4.12533,0.526759,0.358757,0,0,0.252083
2023-01-20,6.20319,1.244,1.6949,3.59278,2.91568,0.533109,0.399675,0,0,0.256944
2023-01-21,4.92732,0.787032,1.24897,0.897986,0.870261,0.513748,0.409571,1.13395,0.631888,0.248611
2023-01-22,13.5804,8.13063,2.17555,3.33812,3.24338,0.542511,0.357313,0,0,0.259028
2023-01-24,14.2571,5.75919,0.0274167,4.23177,3.94727,0.541565,0.314791,1.73814,2.37766,0.261111
2023-01-25,14.1088,9.12485,3.51595,2.46107,2.42435,0.540325,0.332507,0.676443,0.392219,0.259722
2023-01-27,17.3433,12.8433,4.06358,2.08802,2.11943,0.542075,0.471094,0.640807,1.23153,0.2625
2023-01-28,17.4719,11.1025,1.37025,3.92287,2.72111,0.507715,0.325864,0.639859,0.551129,0.269055
2023-01-30,14.2089,12.188,2.70163,0,0,0.528536,0.422859,0,0.0255818,0.25625
2023-01-31,9.71972,3.26792,1.65121,4.29012,3.31761,0.502851,0.358651,0,0,0.245833
2023-02-01,8.16179,2.90953,1.49658,3.22965,3.29846,0.473699,0.391454,0,0,0.23125
2023-02-02,15.6581,12.8685,4.68964,1.56711,1.66154,0.483941,0.366898,0,0,0.236806
2023-02-03,5.07341,0.213879,0.585504,3.52879,2.80086,0.490299,0.355714,0,0,0.239583
2023-02-04,11.9045,9.84574,5.93261,0,0,0.489416,0.341151,0,0,0.240278
2023-02-05,28.2587,24.0811,7.73504,2.04549,2.21456,0.509225,0.430857,0,0,0.269055
2023-02-06,16.692,13.8832,4.00532,0,0,1.02244,0.38247,0,0,0.615091
2023-02-07,26.6654,19.8496,7.53211,3.39027,3.29462,1.60747,0.191994,0,0,1
2023-02-08,7.33875,2.97209,0,1.76472,1.7344,1.57423,0.0669988,0,0.0926577,1
2023-02-09,3.26971,0.820539,0.787554,0,0,1.52728,0.0207053,0,0,1
2023-02-10,7.1134,0.288894,0.203972,4.14384,4.1694,1.51765,0.0998402,0,0,1
2023-02-11,18.572,8.05515,2.14302,7.74366,6.81896,1.39776,0.175808,0,0.659783,1
2023-02-12,3.34484,0.0132418,0,0,0,1.55808,0.0798695,0,0,1
2023-02-13,10.8042,5.98241,2.05666,1.91891,1.97656,1.42073,0.227599,0,0,1
2023-02-14,10.6014,3.40478,0.42268,3.81939,3.40589,1.57816,0.0617783,0,0,1
2023-02-15,9.61965,0.0121088,0.648375,6.16597,5.62948,1.5693,0.198319,0,0,1
2023-02-16,7.18084,0.0158616,0.10792,4.49453,4.38004,1.57059,0.0411768,0,0,1
2023-02-17,5.60046,0.0159518,0.175581,3.14088,3.00506,1.56022,0.032926,0,0,1
2023-02-18,4.32978,0.0167527,0,1.59166,1.41827,1.55246,0.0971705,0,0,1
2023-02-19,7.46659,0.0168652,0.445347,3.14772,2.9121,1.53442,0.115359,1.24827,0.976193,1
2023-02-20,6.32438,0.0193996,0,3.20026,3.12217,1.52651,0.0292208,0,0,1
2023-02-22,4.46456,0.025941,0,1.43307,1.42558,1.4609,0.137209,0,0,1
2023-02-23,9.35396,3.4558,2.01749,2.29404,2.30785,1.49769,0.237639,0,0,0.981944
2023-02-24,5.66614,0.0139984,0.515185,3.88365,3.3918,0.495567,0.334951,0,0,0.249306
2023-02-25,3.57289,0.0115427,0.19832,1.88382,1.64815,0.640155,0.449004,0,0,0.328472
2023-02-27,6.20019,0.0165011,0,3.80678,3.50842,0.646438,0.416855,0,0,0.329167
2023-02-28,14.0672,7.6095,4.94973,4.12071,2.35169,0.644535,0.448879,0,0,0.327778
2023-03-01,4.47927,0.0202692,0,2.68754,2.73121,0.688265,0.4575,0,0,0.35
2023-03-02,8.92021,4.81214,1.069,1.6005,1.55349,0.683618,0.448862,0,0,0.350694
2023-03-03,6.34771,0.0109156,0,4.29176,4.38393,0.620048,0.413628,0,0,0.315972
2023-03-04,3.99107,0.00947406,0,1.41206,1.33273,0.577197,0.42836,0.722204,0.307071,0.321646
2023-03-05,4.3892,0.0141241,0,2.59683,2.66428,0.599731,0.409329,0,0,0.307639
2023-03-06,14.9022,10.1906,4.0394,2.31281,2.323,0.655859,0.463776,0,0,0.334028
2023-03-07,7.74224,2.19332,0.631029,3.8721,4.42263,0.641045,0.38945,0,0,0.329167
2023-03-08,4.94947,0.436279,0,1.39894,1.24889,0.632084,0.450877,0,0,0.325
2023-03-09,6.52079,0.00918436,0.061691,2.57942,2.52259,0.628004,0.430815,1.17957,0.452487,0.322917
2023-03-10,8.01749,0.00930228,0,4.85086,4.80761,0.650153,0.462457,1.18219,0.921765,0.332639
2023-03-11,4.46139,0.0115674,0,2.39853,2.36547,0.659695,0.47341,0,0,0.3375
2023-03-12,2.88301,0.0110871,0,0.594275,0.523433,0.692279,0.50463,0,0,0.354167
2023-03-13,9.969,5.07075,1.44214,2.90183,2.88173,0.638823,0.422978,0,0,0.325
2023-03-14,10.5178,5.43612,1.75216,3.36433,2.66261,0.607112,0.446819,0,0,0.310417
2023-03-15,8.97919,2.71407,2.20118,3.15854,3.01847,0.631788,0.38962,0.928192,0.252854,0.324306
2023-03-16,17.2717,12.3464,0.73365,0.615232,0.522903,0.694829,0.527243,0.934322,1.0863,0.354167
2023-03-17,11.1945,4.73566,0.632275,3.77779,3.66812,0.627381,0.434314,0,0.145717,0.323611
2023-03-18,9.5548,2.8923,1.17477,3.06245,3.35153,0.621173,0.485829,0,0,0.318056
2023-03-19,10.2919,7.2466,2.67321,0.441507,0.354143,0.563677,0.467,0,0,0.288194
2023-03-20,15.3951,6.15008,0.565676,7.79407,7.62888,0.637477,0.323573,0,0,0.327083
2023-03-21,6.26745,2.86073,0.554455,1.66406,1.65744,0.627166,0.379567,0,0,0.317361
2023-03-22,4.73269,0.00891528,0,3.46582,3.48344,0.57523,0.394141,0.00189944,0,0.323933
2023-03-23,4.13874,0.0080955,0,2.14949,2.06907,0.64036,0.450939,0,0,0.327083
2023-03-24,1.44214,0.00900142,0,0,0,0.628531,0.454048,0,0,0.319444
2023-03-25,6.53666,0.0123154,0.030854,4.43442,4.35294,0.633798,0.419046,0,0,0.325694
2023-03-26,4.4567,0.0153601,0,2.60235,2.58947,0.670944,0.454701,2.275e-05,0,0.342361
2023-03-27,4.02919,0.0125897,0,2.1756,2.1136,0.615856,0.406006,0.0284385,0,0.346037
2023-03-28,9.97199,4.99853,0,2.97496,2.88716,0.717889,0.460847,0,0,0.363889
2023-03-29,8.87852,0.358721,0.0367325,5.23753,5.07501,0.654358,0.45725,0,0.0932648,0.334028
2023-03-30,3.07097,0.0093235,0,1.59246,1.52847,0.663895,0.445518,0,0,0.338194
2023-03-31,3.96239,0.0114758,0,1.96816,1.98145,0.656449,0.461732,0,0,0.336111
2023-04-01,7.10564,0.0119618,0,2.91711,2.97393,0.685733,0.534289,1.04453,1.09438,0.352778
2023-04-03,6.29621,0.0105923,0,4.06888,4.03994,0.724478,0.49832,0,0,0.370139
2023-04-04,2.99661,0.00943053,0.01411,0.277313,0.174569,0.703942,0.581826,0,0,0.361806
2023-04-05,6.01722,0.0100977,0,3.83085,3.90853,0.59837,0.475255,0,0,0.304861
2023-04-08,1.30175,0.0155955,0,0,0,0.639565,0.460471,0,0,0.327778
2023-04-09,1.31227,0.0113957,0,0,0,0.657518,0.467001,0,0,0.336111
2023-04-10,1.29711,0.00927028,0,0,0,0.651906,0.462356,0,0,0.336806
2023-04-11,1.29402,0.0102336,0,0,0,0.647253,0.445014,0,0,0.331944
2023-04-12,1.31122,0.013339,0,0,0,0.667795,0.45354,0,0,0.345139
2023-04-13,1.31309,0.0139032,0,0,0,0.668682,0.461851,0,0,0.342361
2023-04-14,1.33281,0.0125479,0,0,0,0.69188,0.49035,0,0,0.357639
2023-04-15,1.33646,0.0155176,0,0,0,0.689318,0.483788,0,0,0.354167
2023-04-16,1.37494,0.0182239,0,0,0,0.72659,0.521017,0,0,0.374306
2023-04-17,1.36957,0.0144857,0,0,0,0.724498,0.508525,0,0,0.370833
2023-04-18,1.33833,0.0139194,0,0,0,0.699358,0.48283,0,0,0.356944
2023-04-19,2.74356,0.946097,0.315303,0,0,0.661812,0.484096,0.146023,0,0.372713
2023-04-20,3.36596,0.01229,0,1.54058,1.59128,0.769684,0.491819,0,0,0.396528
2023-04-21,3.8772,0.0122002,0,2.09504,2.11875,0.757448,0.538179,0,0,0.388889
2023-04-22,1.42858,0.0154542,0,0,0,0.783991,0.570013,0,0,0.404167
2023-04-23,1.43333,0.0161479,0,0,0,0.785785,0.578117,0,0,0.402778
2023-04-24,1.42906,0.0139753,0,0,0,0.787457,0.578417,0,0,0.403472
2023-04-25,1.4274,0.0133682,0,0,0,0.794387,0.571311,0,0,0.409722
2023-04-26,1.43901,0.0136501,0,0,0,0.800194,0.565489,0,0,0.411806
2023-04-27,1.4304,0.0116319,0,0,0,0.788157,0.557783,0,0,0.406944
2023-04-28,1.42438,0.0128873,0,0,0,0.775011,0.554535,0,0,0.397917
2023-04-29,1.69976,0.01398,0,0,0,0.876213,0.637034,0,0,0.454861
2023-05-02,4.78706,0.0123556,0.592535,2.33286,1.79417,0.675548,0.462362,0,0,0.343056
2023-05-03,3.90486,0.0115539,0,2.03844,2.05676,0.741977,0.548664,0,0,0.375694
2023-05-04,4.33868,0.0176173,0,2.51955,2.59015,0.774779,0.577062,0,0,0.393056
2023-05-05,4.06968,0.0120863,0.0792198,0,0,0.716754,0.546562,0,0.19796,0.363194
2023-05-06,3.66826,0.00941036,0,2.0969,2.15994,0.657139,0.479694,0,0,0.365854
2023-05-07,2.86347,0.0122583,0,0,0,0.792284,0.606482,0.70529,0.657872,0.402083
2023-05-08,4.85625,0.0133192,0.219359,2.18219,2.01328,0.839429,0.640437,0.774767,0.258508,0.424306
2023-05-09,2.11161,0.0102611,0,0,0,0.781612,0.546625,0,0,0.4
2023-05-12,3.87033,0.0108266,0.212544,2.03067,1.81951,0.803745,0.555851,0,0,0.415278
2023-05-13,3.46114,0.013314,0,1.64901,1.67616,0.743135,0.546628,0,0,0.377083
2023-05-14,3.52048,0.014371,0,1.52593,1.63456,0.773973,0.555854,0,0,0.391667
2023-05-15,4.92478,0.0111684,0.234182,2.41805,1.74086,0.756343,0.565365,0.644711,1.06228,0.379167
2023-05-16,5.98085,0.00786644,0.141289,3.46542,3.45485,0.714182,0.524949,0.0244841,0.109285,0.393293
2023-05-17,1.93308,0.0123748,0,0,0,0.850181,0.632937,0,0,0.426389
2023-05-18,2.83664,0.0105941,0,0,0,0.843055,0.6048,0,0,0.474848
2023-05-19,3.4346,0.0121548,0,1.71101,1.72121,0.874037,0.63173,0,0,0.44375
2023-05-20,2.70391,0.0101696,0.31562,0.816854,0.604649,0.988099,0.660932,0,0,0.563262
2023-05-21,2.21021,0.012709,0,0,0,0.968905,0.669573,0,0,0.507639
2023-05-22,4.03759,0.0123405,0,1.79244,1.83227,0.953066,0.673072,0,0,0.494444
2023-05-24,4.9016,0.0141298,0.796336,3.09969,2.31662,0.928776,0.663796,0,0,0.473611
2023-05-25,3.96237,0.0140458,0,1.72452,1.75564,0.948129,0.675037,0,0.138446,0.481944
2023-05-26,4.72859,0.0116765,0.511265,2.86445,2.34949,0.971024,0.725997,0,0,0.49375
2023-05-27,3.83871,0.0114135,0,1.19787,1.1723,0.951923,0.670149,0,0,0.482639
2023-05-28,3.14627,0.0112026,0,1.30078,1.37629,0.944939,0.680789,0,0,0.477083
2023-05-29,2.10867,0.00856347,0,0,0,1.01825,0.754861,0,0,0.520833
2023-05-30,3.3781,0.011216,0,1.60156,1.70655,0.920162,0.680703,0,0,0.465972
2023-05-31,3.35188,0.0111069,0,1.13753,1.18799,0.839375,0.576059,0,0.110774,0.467988
2023-06-01,5.27602,0.523043,0,2.87555,2.94043,0.970527,0.742728,0,0,0.493056
2023-06-02,4.72151,0.00397522,0,1.64669,1.7274,1.29494,0.872258,0.716146,0.595206,0.686111
2023-06-03,2.57725,0.27572,0,0,0,1.15789,0.854761,0,0,0.6
2023-06-04,5.10239,0.676987,0.0375323,1.33905,1.37797,1.12171,0.766921,0,0,0.585417
2023-06-05,3.05984,0.731489,0,0,0,1.04709,0.753322,0,0,0.591463
2023-06-06,2.23687,0.160351,0.0372172,0,0,1.00809,0.751586,0,0,0.566311
2023-06-07,4.0478,0.0102631,0.166819,1.3586,1.33674,1.12758,0.773203,0,0,0.570139
2023-06-08,3.95972,0.319371,0.337051,0.652457,0.290578,1.20453,0.854787,0,0.0863037,0.615278
2023-06-09,7.63134,1.77695,1.43848,1.2273,2.34912,1.272,0.887149,0,0.156372,0.644444
2023-06-10,5.67327,1.33454,0.313161,1.22379,0.998065,1.56767,0.695646,0,0.0144253,0.804167
2023-06-11,7.61885,2.98206,2.58085,1.71224,1.70898,1.14697,0.791023,0,0,0.583333
2023-06-12,4.9255,0.392996,0,2.26992,2.30131,1.26942,0.940157,0,0,0.644444
2023-06-13,2.60912,0.00400972,0.129967,0.420919,0.174222,1.09194,0.799166,0.157035,0.225775,0.608232
2023-06-14,6.5076,2.15656,1.35636,1.21168,1.01264,1.14003,0.826116,0.57535,0.760427,0.577778
2023-06-15,5.05966,2.36866,0.37075,0.813398,0.764198,1.12143,0.757818,0,0,0.568056
2023-06-16,7.51451,1.6578,0,2.2282,2.32571,1.20234,0.851638,0,0.048743,0.611111
2023-06-17,3.31832,0.115671,0,0,0,1.10042,0.800506,0,0,0.559722
2023-06-18,5.29743,0.335584,0.0667807,2.99388,3.00503,0.988422,0.707802,0,0,0.498611
2023-06-19,2.66971,0.00654031,0,0,0,1.23161,0.920742,0,0,0.629167
2023-06-20,6.10457,1.71288,0.240275,1.48988,0.862641,1.17648,0.843786,0.528188,0.819709,0.595139
2023-06-21,6.49052,1.88319,1.11979,1.0298,1.08018,1.28271,0.898274,0.0689837,0.0901592,0.653472
2023-06-22,7.60821,2.95941,1.9959,1.07586,1.15392,1.3096,0.832505,0,0,0.663194
2023-06-23,5.33126,1.51955,0.538587,0.879625,0.750704,1.21575,0.799592,0.616366,0.562516,0.67378
2023-06-24,3.20097,0.0790221,0,0.956127,0.982659,1.38,0.992163,0,0,0.695833
2023-06-25,1.98732,0.0204238,0,0,0,1.33415,1.04364,0,0,0.668056
2023-06-26,2.04529,0.0143989,0,0,0,1.39431,1.09605,0,0,0.697917
2023-06-27,10.9988,9.05335,7.02752,0,0,1.08944,0.826398,0,0,0.60061
2023-06-28,15.9572,13.4063,10.7213,0,0,1.08039,0.653824,0,0,0.542361
2023-06-29,14.2143,12.6675,12.0126,0,0,0.84235,0.806773,0,0,0.465701
2023-06-30,4.86012,3.02955,2.6512,0,0,1.07449,0.730499,0,0,0.538194
2023-07-01,18.1214,10.5131,9.4449,3.4702,2.9351,1.22712,0.808993,0,0.254475,0.615278
2023-07-02,19.3991,15.5825,14.0977,1.01807,0.813769,0.973898,0.791488,0,0,0.4875
2023-07-03,10.3814,7.35804,6.78149,0,0,0.925647,0.865221,0.111741,0,0.509146
2023-07-04,6.72204,4.15548,3.8897,0,0,1.16097,0.827324,0,0,0.58125
2023-07-05,1.96263,0.00328061,0,0,0,1.31532,1.07157,0,0,0.661111
2023-07-06,2.11884,0.00304547,0,0,0,1.47531,1.22409,0,0,0.742361
2023-07-07,2.20295,0.00389619,0,0,0,1.5553,1.29928,0,0,0.784028
2023-07-08,7.33254,4.86481,2.82799,0,0,1.47556,1.18436,0,0,0.741667
2023-07-09,17.2264,14.109,10.6961,0,0,1.03894,0.825783,0,0,0.518056
2023-07-10,18.3618,12.1994,10.9369,2.88838,2.00241,1.08368,0.800802,0,0,0.545833
2023-07-11,13.9056,8.19432,6.54172,0,1.01707,1.38393,1.02486,0,0.0849532,0.7
2023-07-12,15.9152,11.6102,9.70642,0.995674,0.665549,1.22519,0.925743,0.0402098,0,0.685213
2023-07-14,25.9286,21.0617,21.9883,0,0,1.28161,0.981394,0.130679,0.477959,0.722561
2023-07-16,35.341,29.643,28.0487,1.31585,1.40457,1.27476,1.21868,0.570181,0.659474,0.647917
2023-07-19,34.6244,29.3024,29.8488,0,0.541155,0.971808,0.870721,0,0,0.540396
2023-07-20,37.3114,35.0295,34.5817,0,0,0.981565,0.911345,0,0.0551332,0.492361
2023-07-21,36.201,31.5015,28.353,2.21403,2.54069,1.1213,0.8649,0,0.0133847,0.621951
2023-07-28,23.22,19.5183,18.3241,0,0.0534372,1.10333,1.10482,0.885624,0.236581,0.554861
2023-07-29,13.1817,9.4831,6.89833,0,0,2.02542,1.23242,0,0,0.979421
2023-07-30,20.1887,14.4089,9.73657,2.55721,2.05674,1.81957,1.28797,0,0,0.850694
2023-07-31,3.93633,1.83627,1.06379,0,0,1.37817,1.09781,0,0,0.692361
2023-08-01,2.26846,0.00289936,0,0,0,1.62361,1.38132,0,0,0.819444
2023-08-02,2.3619,0.00467472,0,0,0,1.71361,1.27015,0,0,0.86875
2023-08-03,2.42227,0.00574017,0,0,0,1.77169,0.962816,0,0,0.897917
2023-08-04,6.64115,3.51197,2.73751,0.757169,0.668554,1.58882,0.714978,0.0106535,0.181246,0.887195
2023-08-05,29.9891,26.6672,14.3115,0,0,1.24968,1.01599,0,0,0.628472
2023-08-06,15.1537,10.631,5.53272,1.17699,1.16486,1.37176,1.16663,0,0,0.689583
2023-08-08,9.058,6.32389,1.77793,0,0,1.14547,0.907989,0,0,0.576389
2023-08-09,2.32937,0.00939558,0,0,0,1.43329,1.24341,0,0,0.71875
2023-08-10,2.41003,0.00875797,0,0,0,1.5096,1.33269,0,0,0.75625
2023-08-11,2.41699,0.00996203,0,0,0,1.51393,1.32502,0,0,0.759028
2023-08-12,2.41075,0.00967336,0,0,0,1.50266,1.29739,0,0,0.752083
2023-08-13,2.36418,0.0105027,0,0,0,1.45202,1.22889,0,0,0.727778
2023-08-14,2.34951,0.0150807,0,0,0,1.43587,1.24934,0,0,0.719444
2023-08-15,2.404,0.0130341,0,0,0,1.50007,1.3279,0,0,0.753472
2023-08-16,2.46156,0.00853781,0,0,0,1.57026,1.44206,0,0,0.790278
2023-08-17,2.5354,0.0137416,0,0,0,1.64051,1.47828,0,0,0.825694
2023-08-18,2.56529,0.0115005,0,0,0,1.67163,1.50183,0,0,0.84375
2023-08-19,2.63722,0.0146736,0,0,0,1.74182,1.19773,0,0,0.879861
2023-08-20,8.56195,3.02003,2.3282,2.76459,2.84187,1.77206,1.04439,0,0,0.898611
2023-08-21,34.4186,30.0459,19.9778,0,0,1.37237,0.993499,0,0,0.708333
2023-08-22,31.5418,24.5638,17.9178,3.06745,2.00068,1.01137,1.11379,0.929141,0.048078,0.56936
2023-08-23,23.0103,17.7181,10.1305,2.40207,2.60786,1.11698,1.0304,0,0,0.564583
2023-08-24,33.1345,30.5526,19.4446,0,0,0.970014,1.11107,0,0,0.492361
2023-08-25,12.8828,7.44243,5.16263,1.81607,1.7516,1.2085,1.17114,0,0,0.6125
2023-08-26,19.531,15.6156,8.94564,0.661451,0.513135,1.07559,0.934747,0,0,0.543056
2023-08-27,6.83027,1.55286,1.48294,1.81696,1.5604,1.37297,1.27685,0,0,0.69375
2023-08-28,14.8547,12.1456,6.22649,0,0,1.29684,0.886228,0,0,0.660417
2023-08-29,20.282,18.205,9.76891,0,0,1.20808,1.01686,0.0271496,0,0.676829
2023-08-30,20.6909,13.6657,8.62987,3.64543,3.00292,1.1319,1.02098,0,0,0.570833
2023-08-31,11.0606,7.02663,3.58081,1.3949,1.13165,1.1725,0.863905,0,0.103092,0.590972
2023-09-01,12.6691,9.76811,1.21061,0,0,0.953411,0.734312,0,0,0.52439
2023-09-02,14.146,10.5728,6.07784,0,0,1.12974,0.91892,0,0,0.571528
2023-09-03,10.9739,6.8524,1.77649,0,0,1.19643,1.01068,0,0,0.601389
2023-09-04,5.97887,2.00797,0.379154,0.600134,0.502345,1.1818,1.01029,0,0,0.595139
2023-09-05,7.34156,0.0114686,0.862204,3.12328,2.32937,1.11658,1.02626,0.141243,0,0.620427
2023-09-07,12.9042,8.01854,2.59613,1.64859,1.67363,1.04814,0.857319,0,0,0.527083
2023-09-08,6.7947,2.02841,1.62113,3.06657,2.75435,0.95915,0.640779,0,0,0.481944
2023-09-09,4.28044,0.0543308,0.15707,2.11825,2.0022,1.1048,0.827875,0,0,0.612043
2023-09-10,2.1904,0.0122429,0,0,0,1.3162,1.04512,0,0,0.672917
2023-09-11,6.91646,0.17759,0.877587,4.43474,3.51697,1.07824,0.754953,0,0,0.540972
2023-09-12,4.50061,1.69594,0.65431,0.370572,0.162682,1.00222,0.773643,0.075133,0.285747,0.554878
2023-09-13,2.98377,0.00391428,0.083495,0.874968,0.750644,1.09517,0.876838,0,0,0.552778
2023-09-14,10.8794,4.32687,1.86016,3.68523,2.9973,1.18845,0.885114,0,0,0.599306
2023-09-15,5.45886,1.05796,0.335028,1.7717,1.99395,1.12428,0.895497,0,0,0.565972
2023-09-17,4.53887,0.00954219,0.0939523,0.385376,0.28916,1.16739,1.07867,0,0,0.584722
2023-09-18,3.72728,0.00668614,0.354726,1.4554,1.10627,1.11106,0.867931,0,0,0.556944
2023-09-19,2.1098,0.0104659,0,0,0,1.09105,0.834149,0,0,0.547222
2023-09-20,2.08793,0.0101598,0,0,0,1.10959,0.876671,0,0,0.557639
2023-09-21,4.66822,0.0127497,0.0294818,2.5929,2.61895,1.09183,0.832324,0,0,0.548611
2023-09-22,7.25072,4.74572,0.0820233,0.347535,0.236784,1.23953,0.886326,0,0,0.620833
2023-09-23,6.95941,2.63779,0.551103,2.3399,2.36003,1.10013,0.795463,0,0,0.60747
2023-09-24,13.4075,8.54946,2.64586,2.74477,2.79095,1.06639,0.798871,0,0,0.538194
2023-09-25,12.3298,7.41927,1.1719,1.00764,0.936666,0.956609,0.834123,0.541785,0.321905,0.530488
2023-09-26,10.8348,6.95425,1.43583,0,0,1.05019,0.962237,0,0,0.532639
2023-09-27,13.9434,8.28148,5.23446,0.812875,0.737431,0.969997,0.812191,0,0.03697,0.490972
2023-09-28,8.26664,0.0155592,0,3.12574,3.23063,1.01747,0.928748,0,0,0.516667
2023-09-29,8.97631,0.397027,1.07085,2.4085,2.19099,1.07829,0.953758,2.00888,0.807462,0.547222
2023-09-30,9.47819,5.53332,1.25625,1.41599,1.19711,0.869701,0.648728,0,0.367429,0.469494
