appliance,quarter,F1,true_on_min
AC,Q3/2022,0.78414,10809
AC,Q4/2022,0.475592,2005
AC,Q1/2023,0.698777,17017
AC,Q2/2023,0.687581,4818
AC,Q3/2023,0.874191,40976
WaterHeater,Q3/2022,0.985472,824
WaterHeater,Q4/2022,0.980698,2542
WaterHeater,Q1/2023,0.987369,3682
WaterHeater,Q2/2023,0.978235,1250
WaterHeater,Q3/2023,0.96917,1239
Fridge,Q3/2022,0.497326,89310
Fridge,Q4/2022,0.863228,29238
Fridge,Q1/2023,0.697284,52563
Fridge,Q2/2023,0.95692,58718
Fridge,Q3/2023,0.916273,79707
WashingMachine,Q3/2022,0.478261,164
WashingMachine,Q4/2022,0.38961,250
WashingMachine,Q1/2023,0.596708,427
WashingMachine,Q2/2023,0.48816,196
WashingMachine,Q3/2023,0.259965,202
