time,aggregate,AC_true,WaterHeater_true,Fridge_true,WashingMachine_true,AC_pred,WaterHeater_pred,Fridge_pred,WashingMachine_pred
2023-07-12 00:00:00,952.51,885.413,0,0,0,458.821,0,0,0
2023-07-12 00:10:00,953.426,885.957,0,0,0,454.303,0,0,0
2023-07-12 00:20:00,1016.18,882.996,0,65.4108,0,545.857,0,43.729,0
2023-07-12 00:30:00,1033.11,880.455,0,83.5952,0,579.503,0,55.143,0
2023-07-12 00:40:00,1029.01,878.329,0,81.1077,0,566.737,0,53.397,0
2023-07-12 00:50:00,1014.62,880.419,0,65.0307,0,551.314,0,40.915,0
2023-07-12 01:00:00,949.193,881.474,0,0,0,580.708,0,12.979,0
2023-07-12 01:10:00,947.862,879.72,0,0,0,677.455,0,11.225,0
2023-07-12 01:20:00,1003.63,878.835,0,55.4118,0,692.342,0,31.874,0
2023-07-12 01:30:00,1032.08,878.482,0,83.9158,0,700.992,0,44.488,0
2023-07-12 01:40:00,351.784,169.826,0,81.2062,0,127.707,0,41.118,0
2023-07-12 01:50:00,145.991,7.01533,0,47.988,0,0,0,24.045,0
2023-07-12 02:00:00,93.4118,0.261833,0,0,0,0,0,0,0
2023-07-12 02:10:00,93.3882,0.771833,0,0,0,0,0,0,0
2023-07-12 02:20:00,163.175,0.51,0,68.7087,0,0,0,59.875,0
2023-07-12 02:30:00,178.767,0.609833,0,84.0713,0,0,0,74.226,0
2023-07-12 02:40:00,176.518,0.510333,0,81.4648,0,0,0,73.27,0
2023-07-12 02:50:00,156.839,0.170167,0,62.7875,0,0,0,56.87,0
2023-07-12 03:00:00,92.6475,0.0866667,0,0,0,0,0,0,0
2023-07-12 03:10:00,92.3568,0.438333,0,0,0,0,0,0,0
2023-07-12 03:20:00,146.165,0,0,53.0818,0,0,0,47.926,0
2023-07-12 03:30:00,178.649,0.257667,0,84.956,0,0,0,80.815,0
2023-07-12 03:40:00,175.695,0.167,0,82.0218,0,0,0,78.649,0
2023-07-12 03:50:00,173.94,0.532167,0,80.4017,0,0,0,77.532,0
2023-07-12 04:00:00,106.813,0.168667,0,14.777,0,0,0,13.638,0
2023-07-12 04:10:00,90.6523,0.170333,0,0,0,0,0,0,0
2023-07-12 04:20:00,106.796,0.169,0,16.4243,0,0,0,13.228,0
2023-07-12 04:30:00,178.587,0.0858333,0,86.7712,0,0,0,81.058,0
2023-07-12 04:40:00,174.881,0.0846667,0,82.9828,0,0,0,76.257,0
2023-07-12 04:50:00,173.014,0.254333,0,80.9775,0,0,0,74.291,0
2023-07-12 05:00:00,210.653,56.3747,0,65.2297,0,0,0,58.889,0
2023-07-12 05:10:00,921.944,855.125,0,0,0,0,0,29.125,0
2023-07-12 05:20:00,95.4413,9.99783,0,0,0,0,0,0,0
2023-07-12 05:30:00,203.504,65.6,0,45.8712,0,0,0,26.645,0
2023-07-12 05:40:00,1047.94,898.693,0,85.1322,0,539.427,0,31.996,0
2023-07-12 05:50:00,1055.34,912.124,0,81.8523,0,540.316,0,29.488,0
2023-07-12 06:00:00,679.41,512.068,0,80.1768,0,276.273,0,32.675,0
2023-07-12 06:10:00,1007.61,920.875,0,26.4938,0,459.283,0,27.49,0
2023-07-12 06:20:00,990.843,932.381,0,0,0,595.174,0,8.881,0
2023-07-12 06:30:00,998.955,938.736,0,0,0,628.691,0,0,0
2023-07-12 06:40:00,1097.62,942.153,0,83.2658,0,763.3,0,57.247,0
2023-07-12 06:50:00,1092.88,948.247,0,83.4435,0,785.469,0,53.432,0
2023-07-12 07:00:00,1086.76,945.794,0,80.9177,0,787.409,0,51.888,0
2023-07-12 07:10:00,1056.78,950.131,0,47.7185,0,728.862,0,32.984,0
2023-07-12 07:20:00,1007.92,950.773,0,0,0,696.322,0,4.14,0
2023-07-12 07:30:00,1011.11,953.602,0,0,0,936.158,0,18.671,0
2023-07-12 07:40:00,1070.03,959.408,0,52.9697,0,1008.77,0,41.187,0
2023-07-12 07:50:00,1106.4,964.393,0,84.4158,0,1055.68,0,50.719,0
2023-07-12 08:00:00,1128.97,964.029,0,81.2403,0,1082.78,0,46.184,0
2023-07-12 08:10:00,1166.22,962.927,0,63.7083,0,1111.1,0,55.123,0
2023-07-12 08:20:00,1091.28,966.093,0,0,0,1045.96,0,45.313,0
2023-07-12 08:30:00,1106.63,973.775,0,0.209333,0,1063.14,0,43.498,0
2023-07-12 08:40:00,888.379,672.009,0,62.6975,0,848.82,0,39.558,0
2023-07-12 08:50:00,238.924,8.867,0,83.8038,0,206.249,0,32.674,0
2023-07-12 09:00:00,231.157,1.57667,0,81.1625,0,207.987,0,23.168,0
2023-07-12 09:10:00,3630.01,0,3398.5,74.142,0,1295.42,2303.94,30.642,0
2023-07-12 09:20:00,2647.6,0.0875,2575.54,0,0,935.462,1689.35,22.793,0
2023-07-12 09:30:00,105.078,0.0833333,0,0,0,29.553,0,26.172,0
2023-07-12 09:40:00,720.367,531.518,0,40.173,0,581.73,0,49.966,0
2023-07-12 09:50:00,241.058,8.78483,0,85.8195,0,0,0,63.665,0
2023-07-12 10:00:00,867.085,626.863,0,82.4587,0,732.801,0,58.917,0
2023-07-12 10:10:00,1431.65,1201.32,0,80.5257,0,1377.02,0,54.631,0
2023-07-12 10:20:00,1396.48,1208.93,0,50.3758,0,1343.58,0,52.903,0
2023-07-12 10:30:00,1329.47,1204.24,0,0,0,1290.07,0,39.148,0
2023-07-12 10:40:00,1323.88,1209.02,0,0,0,919.554,0,37.288,0
2023-07-12 10:50:00,1386.1,1203.45,0,70.4365,0,1109.24,0,68.092,0
2023-07-12 11:00:00,1387.17,1192.71,0,84.2338,0,1124.78,0,66.546,0
2023-07-12 11:10:00,1382.88,1192.5,0,81.6645,0,1113.53,0,63.074,0
2023-07-12 11:20:00,1372.28,1186.94,0,81.2745,0,1099.9,0,59.439,0
2023-07-12 11:30:00,1360.37,1182.17,0,81.3078,0,1034.04,0,55.402,0
2023-07-12 11:40:00,1364.78,1182.49,0,81.4435,0,1032.13,0,50.592,0
2023-07-12 11:50:00,1375.47,1187.72,0,81.4133,0,1098.7,0,51.235,0
2023-07-12 12:00:00,1373.47,1181.87,0,81.1637,0,1087.94,0,47.982,0
2023-07-12 12:10:00,1376.86,1186.57,0,81.043,0,1101.89,0,49.708,0
2023-07-12 12:20:00,1400.5,1189.35,0,80.9775,0,1190.81,0,64.357,0
2023-07-12 12:30:00,1398.85,1186.92,0,81.1872,0,1172.16,0,66.8,0
2023-07-12 12:40:00,1367.9,1186.14,0,80.4453,0,1083.77,0,49.495,0
2023-07-12 12:50:00,608.945,440.378,0,79.9557,0,488.174,0,33.653,0
2023-07-12 13:00:00,352.338,189.528,0,79.509,0,176.002,0,36.531,0
2023-07-12 13:10:00,1113.55,970.722,0,78.8803,0,1099.69,0,13.769,0
2023-07-12 13:20:00,1139.39,1005.29,0,78.5313,0,1116.64,0,22.755,0
2023-07-12 13:30:00,1122.5,1006.6,0,61.2155,0,1102.68,0,19.816,0
2023-07-12 13:40:00,1053.97,1000.34,0,0,0,1053.97,0,0,0
2023-07-12 13:50:00,1053.49,999.131,0,0,0,992.805,0,0,0
2023-07-12 14:00:00,1058.84,994.075,0,10.4012,0,985.533,0,5.781,0
2023-07-12 14:10:00,1138.64,996.378,0,86.8142,0,1043.83,0,41.857,0
2023-07-12 14:20:00,1131.52,992.903,0,83.1447,0,1038.78,0,39.6,0
2023-07-12 14:30:00,1126.72,989.011,0,81.0603,0,1016.73,0,33.196,0
2023-07-12 14:40:00,606.788,436.438,0,79.8677,0,468.529,0,36.083,0
2023-07-12 14:50:00,166.196,8.70867,0,68.5682,0,0,0,33.693,0
2023-07-12 15:00:00,90.5228,0.174667,0,0,0,0,0,0,0
2023-07-12 15:10:00,90.6933,0.512,0,0,0,0,0,0,0
2023-07-12 15:20:00,148.459,0.341,0,56.8267,0,0,0,35.957,0
2023-07-12 15:30:00,607.332,443.077,0,84.2142,0,296.643,0,52.369,0
2023-07-12 15:40:00,1105.2,960.432,0,81.5378,0,847.182,0,47.682,0
2023-07-12 15:50:00,1111.75,968.957,0,80.0362,0,845.361,0,49.122,0
2023-07-12 16:00:00,1087.61,966.495,0,58.4218,0,605.991,0,52.358,0
2023-07-12 16:10:00,1026.61,964.845,0,0,0,573.366,0,35.128,0
2023-07-12 16:20:00,1023.82,962.65,0,0,0,555.718,0,34.165,0
2023-07-12 16:30:00,1078.13,958.392,0,58.404,0,586.238,0,47.903,0
2023-07-12 16:40:00,675.88,501.618,0,83.9765,0,193.608,0,39.675,0
2023-07-12 16:50:00,491.911,260.223,0,81.3033,0,94.082,0,55.676,0
2023-07-12 17:00:00,236.306,7.48333,0,79.9392,0,0,0,69.744,0
2023-07-12 17:10:00,160.852,0.173833,0,5.27967,0,0,0,4.352,0
2023-07-12 17:20:00,155.689,0.510333,0,0,0,0,0,0,0
2023-07-12 17:30:00,179.084,0.515167,0,23.6502,0,0,0,18.214,0
2023-07-12 17:40:00,242.498,0.168667,0,86.4952,0,0,0,72.841,0
2023-07-12 17:50:00,239.619,0.0838333,0,82.8852,0,0,0,62.258,0
2023-07-12 18:00:00,238.299,0.111458,0,81.1694,0,0,0,61.2687,0
2023-07-12 18:10:00,,,,,,,,,
2023-07-12 18:20:00,,,,,,,,,
2023-07-12 18:30:00,,,,,,,,,
2023-07-12 18:40:00,,,,,,,,,
2023-07-12 18:50:00,,,,,,,,,
2023-07-12 19:00:00,,,,,,,,,
2023-07-12 19:10:00,,,,,,,,,
2023-07-12 19:20:00,,,,,,,,,
2023-07-12 19:30:00,,,,,,,,,
2023-07-12 19:40:00,,,,,,,,,
2023-07-12 19:50:00,,,,,,,,,
2023-07-12 20:00:00,,,,,,,,,
2023-07-12 20:10:00,302.085,0.216667,0,82.8733,97.3575,0,0,59.97,0
2023-07-12 20:20:00,655.659,274.527,0,82.834,202.315,0,0,52.216,0
2023-07-12 20:30:00,1083.06,901.472,0,82.6967,0,0,0,49.745,0
2023-07-12 20:40:00,1105.4,926.789,0,83.0125,0,0,0,50.684,0
2023-07-12 20:50:00,1109.22,934.029,0,82.4882,0,0,0,51.882,0
2023-07-12 21:00:00,1082.15,931.558,0,81.8888,0,0,0,45.224,0
2023-07-12 21:10:00,1076.96,926.391,0,81.4805,0,0,0,42.871,0
2023-07-12 21:20:00,393.961,209.565,0,81.4473,0,0,0,57.954,0
2023-07-12 21:30:00,181.839,7.29167,0,80.8315,0,0,0,69.257,0
2023-07-12 21:40:00,177.661,0.600833,0,80.3612,0,0,0,68.614,0
2023-07-12 21:50:00,177.541,0.4285,0,80.2315,0,0,0,69.812,0
2023-07-12 22:00:00,176.556,0.942667,0,80.1727,0,0,0,69.956,0
2023-07-12 22:10:00,177.286,0.865833,0,80.3543,0,0,0,74.859,0
2023-07-12 22:20:00,177.633,1.041,0,80.6673,0,0,0,82.79,0
2023-07-12 22:30:00,177.532,1.132,0,80.3378,0,0,0,88.59,0
2023-07-12 22:40:00,178.032,1.29983,0,80.2212,0,0,0,90.029,0
2023-07-12 22:50:00,128.095,0.9565,0,32.3553,0,0,0,33.767,0
2023-07-12 23:00:00,94.5675,1.03117,0,0,0,0,0,0,0
2023-07-12 23:10:00,104.216,0.878333,0,0.209833,0,0,0,7.525,0
2023-07-12 23:20:00,175.785,0.954333,0,87.9917,0,0,0,88.677,0
2023-07-12 23:30:00,170.979,0.8545,0,84.6847,0,0,0,86.363,0
2023-07-12 23:40:00,168.739,1.471,0,82.7528,0,0,0,85.152,0
2023-07-12 23:50:00,168.33,0.935333,0,81.6483,0,0,0,84.94,0
