variant,appliance,train_datasets,n_train,n_REFIT,n_Plegma,n_PRECON,train_houses,valid_house,test_house,epochs_run,best_epoch,best_valid_loss,train_minutes
refit,Kettle,REFIT,10,10,0,0,3 4 5 6 7 12 13 15 19 20,9,2,21,11,0.000117098,17.1117
refit,Microwave,REFIT,12,12,0,0,3 4 6 8 10 12 13 15 17 18 19 20,9,2,13,3,1.60871e-05,13.2482
refit,Dishwasher,REFIT,11,11,0,0,1 3 5 6 7 10 13 15 16 18 20,9,2,15,5,0.000420617,14.0798
refit,WashingMachine,REFIT,13,13,0,0,1 3 5 6 7 8 10 13 15 16 17 18 19,9,2,17,7,0.000170747,
served,WashingMachine,REFIT+Plegma,26,15,11,0,1 2 3 5 6 7 8 9 10 13 15 16 17 18 19 102 104 105 106 107 108 109 110 111 112 113,103,101,20,10,5.98632e-05,23.3427
refit,Fridge,REFIT,5,5,0,0,5 12 15 19 21,9,2,15,5,2.65994e-05,
served,Fridge,REFIT+Plegma,18,7,11,0,2 5 9 12 15 19 21 102 104 105 106 107 108 109 110 111 112 113,103,101,29,19,3.93242e-06,21.0204
refit,TumbleDryer,REFIT,7,7,0,0,1 3 5 7 8 20 21,13,15,13,1,0.000828756,6.6357
served,AC,Plegma+PRECON,15,0,9,6,102 104 105 107 108 110 111 112 113 201 208 211 214 223 232,103,101,15,5,0.000299308,9.5507
served,WaterHeater,Plegma,10,0,10,0,102 104 105 106 107 109 110 111 112 113,103,101,22,12,0.000312217,8.1448
