variant,appliance,epoch,train_loss,valid_loss
refit,Kettle,1,0.000134154,0.000290206
refit,Kettle,2,0.000102194,0.000262655
refit,Kettle,3,9.73767e-05,0.000288798
refit,Kettle,4,9.32647e-05,0.000278433
refit,Kettle,5,8.60032e-05,0.000189117
refit,Kettle,6,8.02803e-05,0.000212395
refit,Kettle,7,7.83181e-05,0.00019014
refit,Kettle,8,7.48147e-05,0.000137659
refit,Kettle,9,7.17194e-05,0.000131256
refit,Kettle,10,7.04119e-05,0.000128234
refit,Kettle,11,7.00605e-05,0.000117098
refit,Kettle,12,6.79896e-05,0.000138284
refit,Kettle,13,6.66019e-05,0.000122857
refit,Kettle,14,6.53453e-05,0.000128605
refit,Kettle,15,6.47519e-05,0.000132737
refit,Kettle,16,6.36091e-05,0.000140859
refit,Kettle,17,6.25712e-05,0.000126235
refit,Kettle,18,5.82772e-05,0.000122227
refit,Kettle,19,5.7609e-05,0.000124577
refit,Kettle,20,5.75128e-05,0.000122203
refit,Kettle,21,5.71559e-05,0.00012334
refit,Microwave,1,4.36212e-05,1.71007e-05
refit,Microwave,2,3.80919e-05,2.41745e-05
refit,Microwave,3,3.67667e-05,1.60871e-05
refit,Microwave,4,3.57787e-05,2.14424e-05
refit,Microwave,5,3.51315e-05,1.81619e-05
refit,Microwave,6,3.43229e-05,2.23525e-05
refit,Microwave,7,3.36793e-05,2.3728e-05
refit,Microwave,8,3.29041e-05,2.84939e-05
refit,Microwave,9,3.2193e-05,2.83025e-05
refit,Microwave,10,3.04176e-05,2.70017e-05
refit,Microwave,11,3.00378e-05,2.5143e-05
refit,Microwave,12,2.98332e-05,2.55934e-05
refit,Microwave,13,2.96977e-05,2.29042e-05
refit,Dishwasher,1,0.00033463,0.000615182
refit,Dishwasher,2,0.000283884,0.000585479
refit,Dishwasher,3,0.000259644,0.000608459
refit,Dishwasher,4,0.000255627,0.000598142
refit,Dishwasher,5,0.000242341,0.000420617
refit,Dishwasher,6,0.000233233,0.000473144
refit,Dishwasher,7,0.000216258,0.00045718
refit,Dishwasher,8,0.000206782,0.000509615
refit,Dishwasher,9,0.000188503,0.000561921
refit,Dishwasher,10,0.000174028,0.000444664
refit,Dishwasher,11,0.000161606,0.000606523
refit,Dishwasher,12,0.000140698,0.000452787
refit,Dishwasher,13,0.000135833,0.000533146
refit,Dishwasher,14,0.000133169,0.0004655
refit,Dishwasher,15,0.000132519,0.000490865
refit,WashingMachine,1,0.000222033,0.000220307
refit,WashingMachine,2,0.000196361,0.000192938
refit,WashingMachine,3,0.000177738,0.000200856
refit,WashingMachine,4,0.000168065,0.000206383
refit,WashingMachine,5,0.000161283,0.000209874
refit,WashingMachine,6,0.000150469,0.000324095
refit,WashingMachine,7,0.000147962,0.000170747
refit,WashingMachine,8,0.000141582,0.000256904
refit,WashingMachine,9,0.000137347,0.000190808
refit,WashingMachine,10,0.000133074,0.000217782
refit,WashingMachine,11,0.000129077,0.000247588
refit,WashingMachine,12,0.000126327,0.000248255
refit,WashingMachine,13,0.000123563,0.000218748
refit,WashingMachine,14,0.000109972,0.000225475
refit,WashingMachine,15,0.000107887,0.000251374
refit,WashingMachine,16,0.000106839,0.000254253
refit,WashingMachine,17,0.000105148,0.000227892
served,WashingMachine,1,0.000209529,6.2226e-05
served,WashingMachine,2,0.000184425,7.23184e-05
served,WashingMachine,3,0.000170511,6.58877e-05
served,WashingMachine,4,0.000159562,7.72274e-05
served,WashingMachine,5,0.000150908,6.60656e-05
served,WashingMachine,6,0.000144066,8.74136e-05
served,WashingMachine,7,0.000138719,9.6271e-05
served,WashingMachine,8,0.00012503,6.07435e-05
served,WashingMachine,9,0.000122356,6.59726e-05
served,WashingMachine,10,0.000120724,5.98632e-05
served,WashingMachine,11,0.000119674,6.55918e-05
served,WashingMachine,12,0.000118634,6.27912e-05
served,WashingMachine,13,0.000118032,6.89185e-05
served,WashingMachine,14,0.000116872,6.58447e-05
served,WashingMachine,15,0.00011572,6.3173e-05
served,WashingMachine,16,0.000115812,6.34815e-05
served,WashingMachine,17,0.000113688,6.25999e-05
served,WashingMachine,18,0.000113554,6.40274e-05
served,WashingMachine,19,0.000113057,6.33854e-05
served,WashingMachine,20,0.000113073,6.40257e-05
refit,Fridge,1,2.56602e-05,2.90743e-05
refit,Fridge,2,1.87369e-05,2.83098e-05
refit,Fridge,3,1.78775e-05,2.80839e-05
refit,Fridge,4,1.72442e-05,2.68733e-05
refit,Fridge,5,1.67787e-05,2.65994e-05
refit,Fridge,6,1.64772e-05,2.74153e-05
refit,Fridge,7,1.61415e-05,2.7102e-05
refit,Fridge,8,1.59487e-05,2.94003e-05
refit,Fridge,9,1.57102e-05,2.77184e-05
refit,Fridge,10,1.54516e-05,2.75676e-05
refit,Fridge,11,1.53402e-05,2.66422e-05
refit,Fridge,12,1.48289e-05,2.73854e-05
refit,Fridge,13,1.47322e-05,2.73754e-05
refit,Fridge,14,1.4716e-05,2.78116e-05
refit,Fridge,15,1.46801e-05,2.82423e-05
served,Fridge,1,2.54602e-05,7.33556e-06
served,Fridge,2,1.76267e-05,1.07716e-05
served,Fridge,3,1.61684e-05,7.38716e-06
served,Fridge,4,1.53268e-05,7.51559e-06
served,Fridge,5,1.48038e-05,7.48879e-06
served,Fridge,6,1.43382e-05,5.77762e-06
served,Fridge,7,1.39128e-05,5.22559e-06
served,Fridge,8,1.36134e-05,6.05325e-06
served,Fridge,9,1.33566e-05,6.09896e-06
served,Fridge,10,1.30726e-05,6.16882e-06
served,Fridge,11,1.28388e-05,5.80366e-06
served,Fridge,12,1.26591e-05,5.19257e-06
served,Fridge,13,1.24761e-05,5.92679e-06
served,Fridge,14,1.23264e-05,4.82064e-06
served,Fridge,15,1.2171e-05,4.55376e-06
served,Fridge,16,1.20439e-05,5.51674e-06
served,Fridge,17,1.1883e-05,4.54549e-06
served,Fridge,18,1.176e-05,4.87767e-06
served,Fridge,19,1.16522e-05,3.93242e-06
served,Fridge,20,1.14708e-05,6.68732e-06
served,Fridge,21,1.13887e-05,4.66417e-06
served,Fridge,22,1.12964e-05,5.37583e-06
served,Fridge,23,1.11533e-05,5.1629e-06
served,Fridge,24,1.10715e-05,5.56958e-06
served,Fridge,25,1.1002e-05,5.77591e-06
served,Fridge,26,1.04614e-05,4.72621e-06
served,Fridge,27,1.0416e-05,4.68999e-06
served,Fridge,28,1.03706e-05,4.72611e-06
served,Fridge,29,1.03525e-05,4.6992e-06
refit,TumbleDryer,1,0.000277083,0.000828756
refit,TumbleDryer,2,0.000223319,0.000899785
refit,TumbleDryer,3,0.000201949,0.000869348
refit,TumbleDryer,4,0.000190647,0.000910933
refit,TumbleDryer,5,0.000178829,0.000926024
refit,TumbleDryer,6,0.00016769,0.000934563
refit,TumbleDryer,7,0.00015979,0.000906682
refit,TumbleDryer,8,0.00014309,0.000933831
refit,TumbleDryer,9,0.000138682,0.000957564
refit,TumbleDryer,10,0.000136978,0.000958436
refit,TumbleDryer,11,0.000135524,0.000951379
refit,TumbleDryer,12,0.000133971,0.000956557
refit,TumbleDryer,13,0.000133809,0.000959392
served,AC,1,0.00075891,0.00030834
served,AC,2,0.00066453,0.000328168
served,AC,3,0.000616532,0.000370665
served,AC,4,0.000577057,0.000514247
served,AC,5,0.000550859,0.000299308
served,AC,6,0.000529754,0.000597174
served,AC,7,0.000502964,0.000360986
served,AC,8,0.000484168,0.000317679
served,AC,9,0.000459418,0.000391695
served,AC,10,0.000444692,0.000352923
served,AC,11,0.000428935,0.000347136
served,AC,12,0.000383969,0.000358501
served,AC,13,0.000371119,0.000345671
served,AC,14,0.000365835,0.000343717
served,AC,15,0.000362346,0.000384969
served,WaterHeater,1,0.000812877,0.000548991
served,WaterHeater,2,0.000569734,0.000581765
served,WaterHeater,3,0.000507293,0.00051385
served,WaterHeater,4,0.000424121,0.000455222
served,WaterHeater,5,0.000329921,0.000426631
served,WaterHeater,6,0.00029439,0.00031939
served,WaterHeater,7,0.000256662,0.000342617
served,WaterHeater,8,0.000234716,0.000368033
served,WaterHeater,9,0.000226266,0.000357827
served,WaterHeater,10,0.000197522,0.000326414
served,WaterHeater,11,0.000203026,0.000680635
served,WaterHeater,12,0.000177304,0.000312217
served,WaterHeater,13,0.000166412,0.000415358
served,WaterHeater,14,0.000158435,0.000330195
served,WaterHeater,15,0.000158031,0.000423365
served,WaterHeater,16,0.000157343,0.000435442
served,WaterHeater,17,0.000158156,0.000368156
served,WaterHeater,18,0.000147792,0.000438569
served,WaterHeater,19,0.00011542,0.000325821
served,WaterHeater,20,0.00010858,0.000328176
served,WaterHeater,21,0.000104703,0.000341459
served,WaterHeater,22,0.000101205,0.000331035
